{"cameraMode":{"drawMode":0,"name":"Shaded","section":"Shading Mode"},"sceneLighting":false,"audioPlay":false,"sceneViewState":{"m_AlwaysRefresh":false,"showFog":true,"showSkybox":false,"showFlares":true,"showImageEffects":true,"showParticleSystems":true,"showVisualEffectGraphs":true,"m_FxEnabled":true},"in2DMode":false,"pivot":{"x":0.01580759510397911,"y":0.05139067769050598,"z":0.01638936996459961},"rotation":{"x":-0.13756251335144044,"y":-0.0011925346916541458,"z":0.00016558343486394733,"w":-0.9904938340187073},"size":0.8660253882408142,"orthographic":false}