{"cameraMode":{"drawMode":0,"name":"Shaded","section":"Shading Mode"},"sceneLighting":false,"audioPlay":false,"sceneViewState":{"m_AlwaysRefresh":false,"showFog":true,"showSkybox":false,"showFlares":true,"showImageEffects":true,"showParticleSystems":true,"showVisualEffectGraphs":true,"m_FxEnabled":true},"in2DMode":false,"pivot":{"x":5.982138156890869,"y":1.6540336608886719,"z":8.103599548339844},"rotation":{"x":0.030905568972229959,"y":-0.9561241865158081,"z":0.10947009176015854,"w":0.26985105872154238},"size":1.989725112915039,"orthographic":false}