{"cameraMode":{"drawMode":0,"name":"Shaded","section":"Shading Mode"},"sceneLighting":false,"audioPlay":false,"sceneViewState":{"m_AlwaysRefresh":false,"showFog":true,"showSkybox":false,"showFlares":true,"showImageEffects":true,"showParticleSystems":true,"showVisualEffectGraphs":true,"m_FxEnabled":true},"in2DMode":false,"pivot":{"x":-0.10095465183258057,"y":-0.4782297909259796,"z":1.181764841079712},"rotation":{"x":-0.028215056285262109,"y":0.716625988483429,"z":-0.02903907373547554,"w":-0.6962812542915344},"size":0.5778194665908814,"orthographic":false}