{"cameraMode":{"drawMode":0,"name":"Shaded","section":"Shading Mode"},"sceneLighting":false,"audioPlay":false,"sceneViewState":{"m_AlwaysRefresh":false,"showFog":true,"showSkybox":false,"showFlares":true,"showImageEffects":true,"showParticleSystems":true,"showVisualEffectGraphs":true,"m_FxEnabled":true},"in2DMode":false,"pivot":{"x":6.369845867156982,"y":3.0298941135406496,"z":0.226427361369133},"rotation":{"x":-0.15001635253429414,"y":0.12480656802654267,"z":-0.019092826172709466,"w":-0.9805828928947449},"size":0.5638262033462524,"orthographic":false}