{"cameraMode":{"drawMode":0,"name":"Shaded","section":"Shading Mode"},"sceneLighting":false,"audioPlay":false,"sceneViewState":{"m_AlwaysRefresh":false,"showFog":true,"showSkybox":false,"showFlares":true,"showImageEffects":true,"showParticleSystems":true,"showVisualEffectGraphs":true,"m_FxEnabled":true},"in2DMode":false,"pivot":{"x":-8.500783920288086,"y":11.265789031982422,"z":0.0036768687423318626},"rotation":{"x":0.0959637239575386,"y":0.45271265506744387,"z":-0.049086038023233417,"w":0.8851103782653809},"size":3.6073946952819826,"orthographic":false}