{"cameraMode":{"drawMode":0,"name":"Shaded","section":"Shading Mode"},"sceneLighting":false,"audioPlay":false,"sceneViewState":{"m_AlwaysRefresh":false,"showFog":true,"showSkybox":false,"showFlares":true,"showImageEffects":true,"showParticleSystems":true,"showVisualEffectGraphs":true,"m_FxEnabled":true},"in2DMode":false,"pivot":{"x":0.6866216659545898,"y":-0.3910016715526581,"z":0.6833866834640503},"rotation":{"x":-0.051132552325725558,"y":0.5213910937309265,"z":-0.03132258355617523,"w":-0.8511910438537598},"size":0.33207157254219057,"orthographic":false}