{"cameraMode":{"drawMode":0,"name":"Shaded","section":"Shading Mode"},"sceneLighting":false,"audioPlay":false,"sceneViewState":{"m_AlwaysRefresh":false,"showFog":true,"showSkybox":false,"showFlares":true,"showImageEffects":true,"showParticleSystems":true,"showVisualEffectGraphs":true,"m_FxEnabled":true},"in2DMode":false,"pivot":{"x":-0.15858754515647889,"y":-0.024364709854125978,"z":0.13143983483314515},"rotation":{"x":-0.04202466830611229,"y":0.6565529704093933,"z":-0.03668012097477913,"w":-0.7522156238555908},"size":0.33207154273986819,"orthographic":false}